FIPS,CountyName,StateName,StateCode
1001,Autauga,Alabama,AL
1003,Baldwin,Alabama,AL
1009,Blount,Alabama,AL
1017,Chambers,Alabama,AL
1033,Colbert,Alabama,AL
1049,De Kalb,Alabama,AL
1051,Elmore,Alabama,AL
1055,Etowah,Alabama,AL
1069,Houston,Alabama,AL
1073,Jefferson,Alabama,AL
1077,Lauderdale,Alabama,AL
1081,Lee,Alabama,AL
1097,Mobile,Alabama,AL
1101,Montgomery,Alabama,AL
1113,Russell,Alabama,AL
1115,Saint Clair,Alabama,AL
1117,Shelby,Alabama,AL
1123,Tallapoosa,Alabama,AL
1125,Tuscaloosa,Alabama,AL
2020,Anchorage,Alaska,AK
2090,Fairbanks North Star,Alaska,AK
2110,Juneau,Alaska,AK
2130,Ketchikan Gateway,Alaska,AK
2170,Matanuska Susitna,Alaska,AK
4001,Apache,Arizona,AZ
4003,Cochise,Arizona,AZ
4005,Coconino,Arizona,AZ
4007,Gila,Arizona,AZ
4009,Graham,Arizona,AZ
4012,La Paz,Arizona,AZ
4013,Maricopa,Arizona,AZ
4015,Mohave,Arizona,AZ
4017,Navajo,Arizona,AZ
4019,Pima,Arizona,AZ
4021,Pinal,Arizona,AZ
4023,Santa Cruz,Arizona,AZ
4025,Yavapai,Arizona,AZ
4027,Yuma,Arizona,AZ
5005,Baxter,Arkansas,AR
5007,Benton,Arkansas,AR
5009,Boone,Arkansas,AR
5023,Cleburne,Arkansas,AR
5031,Craighead,Arkansas,AR
5033,Crawford,Arkansas,AR
5035,Crittenden,Arkansas,AR
5045,Faulkner,Arkansas,AR
5051,Garland,Arkansas,AR
5055,Greene,Arkansas,AR
5059,Hot Spring,Arkansas,AR
5063,Independence,Arkansas,AR
5065,Izard,Arkansas,AR
5069,Jefferson,Arkansas,AR
5085,Lonoke,Arkansas,AR
5091,Miller,Arkansas,AR
5113,Polk,Arkansas,AR
5115,Pope,Arkansas,AR
5119,Pulaski,Arkansas,AR
5125,Saline,Arkansas,AR
5131,Sebastian,Arkansas,AR
5141,Van Buren,Arkansas,AR
5143,Washington,Arkansas,AR
5145,White,Arkansas,AR
6001,Alameda,California,CA
6005,Amador,California,CA
6007,Butte,California,CA
6009,Calaveras,California,CA
6011,Colusa,California,CA
6013,Contra Costa,California,CA
6015,Del Norte,California,CA
6017,El Dorado,California,CA
6019,Fresno,California,CA
6021,Glenn,California,CA
6023,Humboldt,California,CA
6025,Imperial,California,CA
6029,Kern,California,CA
6031,Kings,California,CA
6033,Lake,California,CA
6035,Lassen,California,CA
6037,Los Angeles,California,CA
6039,Madera,California,CA
6041,Marin,California,CA
6043,Mariposa,California,CA
6045,Mendocino,California,CA
6051,Mono,California,CA
6053,Monterey,California,CA
6055,Napa,California,CA
6057,Nevada,California,CA
6059,Orange,California,CA
6061,Placer,California,CA
6063,Plumas,California,CA
6065,Riverside,California,CA
6067,Sacramento,California,CA
6069,San Benito,California,CA
6071,San Bernardino,California,CA
6073,San Diego,California,CA
6075,San Francisco,California,CA
6077,San Joaquin,California,CA
6079,San Luis Obispo,California,CA
6081,San Mateo,California,CA
6083,Santa Barbara,California,CA
6085,Santa Clara,California,CA
6087,Santa Cruz,California,CA
6089,Shasta,California,CA
6093,Siskiyou,California,CA
6095,Solano,California,CA
6097,Sonoma,California,CA
6099,Stanislaus,California,CA
6101,Sutter,California,CA
6103,Tehama,California,CA
6107,Tulare,California,CA
6111,Ventura,California,CA
6113,Yolo,California,CA
6115,Yuba,California,CA
8001,Adams,Colorado,CO
8003,Alamosa,Colorado,CO
8005,Arapahoe,Colorado,CO
8007,Archuleta,Colorado,CO
8013,Boulder,Colorado,CO
8014,Broomfield,Colorado,CO
8015,Chaffee,Colorado,CO
8019,Clear Creek,Colorado,CO
8029,Delta,Colorado,CO
8031,Denver,Colorado,CO
8035,Douglas,Colorado,CO
8037,Eagle,Colorado,CO
8041,El Paso,Colorado,CO
8039,Elbert,Colorado,CO
8045,Garfield,Colorado,CO
8047,Gilpin,Colorado,CO
8049,Grand,Colorado,CO
8059,Jefferson,Colorado,CO
8067,La Plata,Colorado,CO
8065,Lake,Colorado,CO
8069,Larimer,Colorado,CO
8075,Logan,Colorado,CO
8077,Mesa,Colorado,CO
8083,Montezuma,Colorado,CO
8085,Montrose,Colorado,CO
8089,Otero,Colorado,CO
8091,Ouray,Colorado,CO
8093,Park,Colorado,CO
8097,Pitkin,Colorado,CO
8101,Pueblo,Colorado,CO
8105,Rio Grande,Colorado,CO
8107,Routt,Colorado,CO
8113,San Miguel,Colorado,CO
8119,Teller,Colorado,CO
8123,Weld,Colorado,CO
9001,Fairfield,Connecticut,CT
9003,Hartford,Connecticut,CT
9005,Litchfield,Connecticut,CT
9007,Middlesex,Connecticut,CT
9009,New Haven,Connecticut,CT
9011,New London,Connecticut,CT
9013,Tolland,Connecticut,CT
9015,Windham,Connecticut,CT
10001,Kent,Delaware,DE
10003,New Castle,Delaware,DE
11001,District of Columbia,District of Columbia,DC
12001,Alachua,Florida,FL
12003,Baker,Florida,FL
12005,Bay,Florida,FL
12007,Bradford,Florida,FL
12009,Brevard,Florida,FL
12011,Broward,Florida,FL
12015,Charlotte,Florida,FL
12017,Citrus,Florida,FL
12019,Clay,Florida,FL
12021,Collier,Florida,FL
12023,Columbia,Florida,FL
12027,De Soto,Florida,FL
12031,Duval,Florida,FL
12033,Escambia,Florida,FL
12035,Flagler,Florida,FL
12037,Franklin,Florida,FL
12039,Gadsden,Florida,FL
12041,Gilchrist,Florida,FL
12045,Gulf,Florida,FL
12049,Hardee,Florida,FL
12051,Hendry,Florida,FL
12053,Hernando,Florida,FL
12055,Highlands,Florida,FL
12057,Hillsborough,Florida,FL
12061,Indian River,Florida,FL
12063,Jackson,Florida,FL
12069,Lake,Florida,FL
12071,Lee,Florida,FL
12073,Leon,Florida,FL
12075,Levy,Florida,FL
12081,Manatee,Florida,FL
12083,Marion,Florida,FL
12085,Martin,Florida,FL
12086,Miami-Dade,Florida,FL
12087,Monroe,Florida,FL
12089,Nassau,Florida,FL
12091,Okaloosa,Florida,FL
12093,Okeechobee,Florida,FL
12095,Orange,Florida,FL
12097,Osceola,Florida,FL
12099,Palm Beach,Florida,FL
12101,Pasco,Florida,FL
12103,Pinellas,Florida,FL
12105,Polk,Florida,FL
12107,Putnam,Florida,FL
12109,Saint Johns,Florida,FL
12111,Saint Lucie,Florida,FL
12113,Santa Rosa,Florida,FL
12115,Sarasota,Florida,FL
12117,Seminole,Florida,FL
12119,Sumter,Florida,FL
12123,Taylor,Florida,FL
12127,Volusia,Florida,FL
12129,Wakulla,Florida,FL
12131,Walton,Florida,FL
12133,Washington,Florida,FL
13009,Baldwin,Georgia,GA
13011,Banks,Georgia,GA
13013,Barrow,Georgia,GA
13015,Bartow,Georgia,GA
13021,Bibb,Georgia,GA
13029,Bryan,Georgia,GA
13031,Bulloch,Georgia,GA
13033,Burke,Georgia,GA
13035,Butts,Georgia,GA
13037,Calhoun,Georgia,GA
13039,Camden,Georgia,GA
13045,Carroll,Georgia,GA
13047,Catoosa,Georgia,GA
13051,Chatham,Georgia,GA
13055,Chattooga,Georgia,GA
13057,Cherokee,Georgia,GA
13059,Clarke,Georgia,GA
13063,Clayton,Georgia,GA
13067,Cobb,Georgia,GA
13069,Coffee,Georgia,GA
13071,Colquitt,Georgia,GA
13073,Columbia,Georgia,GA
13077,Coweta,Georgia,GA
13083,Dade,Georgia,GA
13085,Dawson,Georgia,GA
13087,Decatur,Georgia,GA
13089,Dekalb,Georgia,GA
13095,Dougherty,Georgia,GA
13097,Douglas,Georgia,GA
13103,Effingham,Georgia,GA
13105,Elbert,Georgia,GA
13113,Fayette,Georgia,GA
13115,Floyd,Georgia,GA
13117,Forsyth,Georgia,GA
13119,Franklin,Georgia,GA
13121,Fulton,Georgia,GA
13123,Gilmer,Georgia,GA
13127,Glynn,Georgia,GA
13129,Gordon,Georgia,GA
13135,Gwinnett,Georgia,GA
13137,Habersham,Georgia,GA
13139,Hall,Georgia,GA
13143,Haralson,Georgia,GA
13145,Harris,Georgia,GA
13147,Hart,Georgia,GA
13151,Henry,Georgia,GA
13153,Houston,Georgia,GA
13159,Jasper,Georgia,GA
13169,Jones,Georgia,GA
13171,Lamar,Georgia,GA
13175,Laurens,Georgia,GA
13177,Lee,Georgia,GA
13179,Liberty,Georgia,GA
13183,Long,Georgia,GA
13185,Lowndes,Georgia,GA
13187,Lumpkin,Georgia,GA
13195,Madison,Georgia,GA
13199,Meriwether,Georgia,GA
13211,Morgan,Georgia,GA
13213,Murray,Georgia,GA
13215,Muscogee,Georgia,GA
13217,Newton,Georgia,GA
13219,Oconee,Georgia,GA
13221,Oglethorpe,Georgia,GA
13225,Peach,Georgia,GA
13227,Pickens,Georgia,GA
13231,Pike,Georgia,GA
13233,Polk,Georgia,GA
13247,Rockdale,Georgia,GA
13255,Spalding,Georgia,GA
13257,Stephens,Georgia,GA
13261,Sumter,Georgia,GA
13275,Thomas,Georgia,GA
13277,Tift,Georgia,GA
13281,Towns,Georgia,GA
13285,Troup,Georgia,GA
13291,Union,Georgia,GA
13293,Upson,Georgia,GA
13295,Walker,Georgia,GA
13297,Walton,Georgia,GA
13299,Ware,Georgia,GA
13301,Warren,Georgia,GA
13305,Wayne,Georgia,GA
13311,White,Georgia,GA
13313,Whitfield,Georgia,GA
15001,Hawaii,Hawaii,HI
15003,Honolulu,Hawaii,HI
15009,Maui,Hawaii,HI
16001,Ada,Idaho,ID
16005,Bannock,Idaho,ID
16009,Benewah,Idaho,ID
16011,Bingham,Idaho,ID
16013,Blaine,Idaho,ID
16015,Boise,Idaho,ID
16017,Bonner,Idaho,ID
16019,Bonneville,Idaho,ID
16021,Boundary,Idaho,ID
16027,Canyon,Idaho,ID
16031,Cassia,Idaho,ID
16039,Elmore,Idaho,ID
16043,Fremont,Idaho,ID
16045,Gem,Idaho,ID
16051,Jefferson,Idaho,ID
16053,Jerome,Idaho,ID
16055,Kootenai,Idaho,ID
16065,Madison,Idaho,ID
16069,Nez Perce,Idaho,ID
16073,Owyhee,Idaho,ID
16075,Payette,Idaho,ID
16081,Teton,Idaho,ID
16083,Twin Falls,Idaho,ID
17001,Adams,Illinois,IL
17007,Boone,Illinois,IL
17015,Carroll,Illinois,IL
17019,Champaign,Illinois,IL
17021,Christian,Illinois,IL
17027,Clinton,Illinois,IL
17029,Coles,Illinois,IL
17031,Cook,Illinois,IL
17037,De Kalb,Illinois,IL
17043,Du Page,Illinois,IL
17049,Effingham,Illinois,IL
17053,Ford,Illinois,IL
17057,Fulton,Illinois,IL
17063,Grundy,Illinois,IL
17073,Henry,Illinois,IL
17077,Jackson,Illinois,IL
17081,Jefferson,Illinois,IL
17083,Jersey,Illinois,IL
17085,Jo Daviess,Illinois,IL
17089,Kane,Illinois,IL
17091,Kankakee,Illinois,IL
17093,Kendall,Illinois,IL
17095,Knox,Illinois,IL
17099,La Salle,Illinois,IL
17097,Lake,Illinois,IL
17105,Livingston,Illinois,IL
17115,Macon,Illinois,IL
17117,Macoupin,Illinois,IL
17119,Madison,Illinois,IL
17109,McDonough,Illinois,IL
17111,McHenry,Illinois,IL
17113,McLean,Illinois,IL
17137,Morgan,Illinois,IL
17143,Peoria,Illinois,IL
17161,Rock Island,Illinois,IL
17163,Saint Clair,Illinois,IL
17167,Sangamon,Illinois,IL
17179,Tazewell,Illinois,IL
17195,Whiteside,Illinois,IL
17197,Will,Illinois,IL
17199,Williamson,Illinois,IL
17201,Winnebago,Illinois,IL
17203,Woodford,Illinois,IL
18001,Adams,Indiana,IN
18003,Allen,Indiana,IN
18005,Bartholomew,Indiana,IN
18007,Benton,Indiana,IN
18009,Blackford,Indiana,IN
18011,Boone,Indiana,IN
18013,Brown,Indiana,IN
18015,Carroll,Indiana,IN
18017,Cass,Indiana,IN
18019,Clark,Indiana,IN
18021,Clay,Indiana,IN
18023,Clinton,Indiana,IN
18025,Crawford,Indiana,IN
18027,Daviess,Indiana,IN
18033,De Kalb,Indiana,IN
18029,Dearborn,Indiana,IN
18031,Decatur,Indiana,IN
18037,Dubois,Indiana,IN
18039,Elkhart,Indiana,IN
18041,Fayette,Indiana,IN
18043,Floyd,Indiana,IN
18045,Fountain,Indiana,IN
18047,Franklin,Indiana,IN
18049,Fulton,Indiana,IN
18051,Gibson,Indiana,IN
18053,Grant,Indiana,IN
18057,Hamilton,Indiana,IN
18059,Hancock,Indiana,IN
18061,Harrison,Indiana,IN
18063,Hendricks,Indiana,IN
18065,Henry,Indiana,IN
18067,Howard,Indiana,IN
18069,Huntington,Indiana,IN
18071,Jackson,Indiana,IN
18073,Jasper,Indiana,IN
18075,Jay,Indiana,IN
18077,Jefferson,Indiana,IN
18079,Jennings,Indiana,IN
18081,Johnson,Indiana,IN
18083,Knox,Indiana,IN
18085,Kosciusko,Indiana,IN
18087,Lagrange,Indiana,IN
18089,Lake,Indiana,IN
18093,Lawrence,Indiana,IN
18095,Madison,Indiana,IN
18097,Marion,Indiana,IN
18099,Marshall,Indiana,IN
18101,Martin,Indiana,IN
18103,Miami,Indiana,IN
18105,Monroe,Indiana,IN
18107,Montgomery,Indiana,IN
18109,Morgan,Indiana,IN
18111,Newton,Indiana,IN
18113,Noble,Indiana,IN
18117,Orange,Indiana,IN
18119,Owen,Indiana,IN
18121,Parke,Indiana,IN
18123,Perry,Indiana,IN
18125,Pike,Indiana,IN
18127,Porter,Indiana,IN
18129,Posey,Indiana,IN
18131,Pulaski,Indiana,IN
18133,Putnam,Indiana,IN
18135,Randolph,Indiana,IN
18137,Ripley,Indiana,IN
18139,Rush,Indiana,IN
18143,Scott,Indiana,IN
18145,Shelby,Indiana,IN
18147,Spencer,Indiana,IN
18149,Starke,Indiana,IN
18151,Steuben,Indiana,IN
18153,Sullivan,Indiana,IN
18155,Switzerland,Indiana,IN
18157,Tippecanoe,Indiana,IN
18159,Tipton,Indiana,IN
18161,Union,Indiana,IN
18163,Vanderburgh,Indiana,IN
18165,Vermillion,Indiana,IN
18167,Vigo,Indiana,IN
18169,Wabash,Indiana,IN
18171,Warren,Indiana,IN
18173,Warrick,Indiana,IN
18175,Washington,Indiana,IN
18177,Wayne,Indiana,IN
18179,Wells,Indiana,IN
18181,White,Indiana,IN
18183,Whitley,Indiana,IN
19011,Benton,Iowa,IA
19013,Black Hawk,Iowa,IA
19015,Boone,Iowa,IA
19017,Bremer,Iowa,IA
19021,Buena Vista,Iowa,IA
19041,Clay,Iowa,IA
19045,Clinton,Iowa,IA
19049,Dallas,Iowa,IA
19057,Des Moines,Iowa,IA
19061,Dubuque,Iowa,IA
19095,Iowa,Iowa,IA
19099,Jasper,Iowa,IA
19103,Johnson,Iowa,IA
19113,Linn,Iowa,IA
19123,Mahaska,Iowa,IA
19127,Marshall,Iowa,IA
19129,Mills,Iowa,IA
19139,Muscatine,Iowa,IA
19153,Polk,Iowa,IA
19155,Pottawattamie,Iowa,IA
19163,Scott,Iowa,IA
19167,Sioux,Iowa,IA
19169,Story,Iowa,IA
19179,Wapello,Iowa,IA
19183,Washington,Iowa,IA
19187,Webster,Iowa,IA
19193,Woodbury,Iowa,IA
20001,Allen,Kansas,KS
20003,Anderson,Kansas,KS
20005,Atchison,Kansas,KS
20007,Barber,Kansas,KS
20009,Barton,Kansas,KS
20013,Brown,Kansas,KS
20015,Butler,Kansas,KS
20019,Chautauqua,Kansas,KS
20021,Cherokee,Kansas,KS
20023,Cheyenne,Kansas,KS
20025,Clark,Kansas,KS
20027,Clay,Kansas,KS
20029,Cloud,Kansas,KS
20031,Coffey,Kansas,KS
20033,Comanche,Kansas,KS
20035,Cowley,Kansas,KS
20037,Crawford,Kansas,KS
20039,Decatur,Kansas,KS
20041,Dickinson,Kansas,KS
20043,Doniphan,Kansas,KS
20045,Douglas,Kansas,KS
20047,Edwards,Kansas,KS
20049,Elk,Kansas,KS
20051,Ellis,Kansas,KS
20053,Ellsworth,Kansas,KS
20055,Finney,Kansas,KS
20057,Ford,Kansas,KS
20059,Franklin,Kansas,KS
20061,Geary,Kansas,KS
20069,Gray,Kansas,KS
20073,Greenwood,Kansas,KS
20077,Harper,Kansas,KS
20079,Harvey,Kansas,KS
20081,Haskell,Kansas,KS
20085,Jackson,Kansas,KS
20087,Jefferson,Kansas,KS
20089,Jewell,Kansas,KS
20091,Johnson,Kansas,KS
20093,Kearny,Kansas,KS
20095,Kingman,Kansas,KS
20097,Kiowa,Kansas,KS
20099,Labette,Kansas,KS
20103,Leavenworth,Kansas,KS
20105,Lincoln,Kansas,KS
20107,Linn,Kansas,KS
20117,Marshall,Kansas,KS
20113,McPherson,Kansas,KS
20119,Meade,Kansas,KS
20121,Miami,Kansas,KS
20123,Mitchell,Kansas,KS
20127,Morris,Kansas,KS
20131,Nemaha,Kansas,KS
20133,Neosho,Kansas,KS
20139,Osage,Kansas,KS
20141,Osborne,Kansas,KS
20143,Ottawa,Kansas,KS
20145,Pawnee,Kansas,KS
20149,Pottawatomie,Kansas,KS
20151,Pratt,Kansas,KS
20155,Reno,Kansas,KS
20157,Republic,Kansas,KS
20159,Rice,Kansas,KS
20161,Riley,Kansas,KS
20163,Rooks,Kansas,KS
20165,Rush,Kansas,KS
20167,Russell,Kansas,KS
20169,Saline,Kansas,KS
20173,Sedgwick,Kansas,KS
20175,Seward,Kansas,KS
20177,Shawnee,Kansas,KS
20181,Sherman,Kansas,KS
20183,Smith,Kansas,KS
20185,Stafford,Kansas,KS
20189,Stevens,Kansas,KS
20191,Sumner,Kansas,KS
20193,Thomas,Kansas,KS
20197,Wabaunsee,Kansas,KS
20205,Wilson,Kansas,KS
20207,Woodson,Kansas,KS
20209,Wyandotte,Kansas,KS
21015,Boone,Kentucky,KY
21017,Bourbon,Kentucky,KY
21019,Boyd,Kentucky,KY
21021,Boyle,Kentucky,KY
21029,Bullitt,Kentucky,KY
21035,Calloway,Kentucky,KY
21037,Campbell,Kentucky,KY
21047,Christian,Kentucky,KY
21049,Clark,Kentucky,KY
21059,Daviess,Kentucky,KY
21067,Fayette,Kentucky,KY
21073,Franklin,Kentucky,KY
21081,Grant,Kentucky,KY
21093,Hardin,Kentucky,KY
21101,Henderson,Kentucky,KY
21107,Hopkins,Kentucky,KY
21111,Jefferson,Kentucky,KY
21113,Jessamine,Kentucky,KY
21117,Kenton,Kentucky,KY
21137,Lincoln,Kentucky,KY
21151,Madison,Kentucky,KY
21145,McCracken,Kentucky,KY
21167,Mercer,Kentucky,KY
21173,Montgomery,Kentucky,KY
21177,Muhlenberg,Kentucky,KY
21185,Oldham,Kentucky,KY
21209,Scott,Kentucky,KY
21211,Shelby,Kentucky,KY
21215,Spencer,Kentucky,KY
21217,Taylor,Kentucky,KY
21227,Warren,Kentucky,KY
22005,Ascension,Louisiana,LA
22015,Bossier,Louisiana,LA
22017,Caddo,Louisiana,LA
22019,Calcasieu,Louisiana,LA
22033,East Baton Rouge,Louisiana,LA
22045,Iberia,Louisiana,LA
22051,Jefferson,Louisiana,LA
22055,Lafayette,Louisiana,LA
22061,Lincoln,Louisiana,LA
22069,Natchitoches,Louisiana,LA
22071,Orleans,Louisiana,LA
22073,Ouachita,Louisiana,LA
22075,Plaquemines,Louisiana,LA
22079,Rapides,Louisiana,LA
22089,Saint Charles,Louisiana,LA
22095,Saint John the Baptist,Louisiana,LA
22097,Saint Landry,Louisiana,LA
22101,Saint Mary,Louisiana,LA
22103,Saint Tammany,Louisiana,LA
22105,Tangipahoa,Louisiana,LA
22109,Terrebonne,Louisiana,LA
22115,Vernon,Louisiana,LA
22117,Washington,Louisiana,LA
22121,West Baton Rouge,Louisiana,LA
23001,Androscoggin,Maine,ME
23003,Aroostook,Maine,ME
23005,Cumberland,Maine,ME
23011,Kennebec,Maine,ME
23013,Knox,Maine,ME
23015,Lincoln,Maine,ME
23017,Oxford,Maine,ME
23019,Penobscot,Maine,ME
23023,Sagadahoc,Maine,ME
23031,York,Maine,ME
24001,Allegany,Maryland,MD
24003,Anne Arundel,Maryland,MD
24005,Baltimore,Maryland,MD
24510,Baltimore City,Maryland,MD
24009,Calvert,Maryland,MD
24011,Caroline,Maryland,MD
24013,Carroll,Maryland,MD
24015,Cecil,Maryland,MD
24017,Charles,Maryland,MD
24019,Dorchester,Maryland,MD
24021,Frederick,Maryland,MD
24023,Garrett,Maryland,MD
24025,Harford,Maryland,MD
24027,Howard,Maryland,MD
24029,Kent,Maryland,MD
24031,Montgomery,Maryland,MD
24033,Prince Georges,Maryland,MD
24035,Queen Annes,Maryland,MD
24037,Saint Marys,Maryland,MD
24039,Somerset,Maryland,MD
24041,Talbot,Maryland,MD
24043,Washington,Maryland,MD
24045,Wicomico,Maryland,MD
24047,Worcester,Maryland,MD
25001,Barnstable,Massachusetts,MA
25003,Berkshire,Massachusetts,MA
25005,Bristol,Massachusetts,MA
25007,Dukes,Massachusetts,MA
25009,Essex,Massachusetts,MA
25011,Franklin,Massachusetts,MA
25013,Hampden,Massachusetts,MA
25015,Hampshire,Massachusetts,MA
25017,Middlesex,Massachusetts,MA
25019,Nantucket,Massachusetts,MA
25021,Norfolk,Massachusetts,MA
25023,Plymouth,Massachusetts,MA
25025,Suffolk,Massachusetts,MA
25027,Worcester,Massachusetts,MA
26005,Allegan,Michigan,MI
26009,Antrim,Michigan,MI
26015,Barry,Michigan,MI
26017,Bay,Michigan,MI
26019,Benzie,Michigan,MI
26021,Berrien,Michigan,MI
26023,Branch,Michigan,MI
26025,Calhoun,Michigan,MI
26037,Clinton,Michigan,MI
26043,Dickinson,Michigan,MI
26045,Eaton,Michigan,MI
26047,Emmet,Michigan,MI
26049,Genesee,Michigan,MI
26055,Grand Traverse,Michigan,MI
26059,Hillsdale,Michigan,MI
26065,Ingham,Michigan,MI
26067,Ionia,Michigan,MI
26069,Iosco,Michigan,MI
26075,Jackson,Michigan,MI
26077,Kalamazoo,Michigan,MI
26081,Kent,Michigan,MI
26087,Lapeer,Michigan,MI
26089,Leelanau,Michigan,MI
26091,Lenawee,Michigan,MI
26093,Livingston,Michigan,MI
26099,Macomb,Michigan,MI
26101,Manistee,Michigan,MI
26103,Marquette,Michigan,MI
26107,Mecosta,Michigan,MI
26111,Midland,Michigan,MI
26113,Missaukee,Michigan,MI
26115,Monroe,Michigan,MI
26117,Montcalm,Michigan,MI
26121,Muskegon,Michigan,MI
26123,Newaygo,Michigan,MI
26125,Oakland,Michigan,MI
26127,Oceana,Michigan,MI
26137,Otsego,Michigan,MI
26139,Ottawa,Michigan,MI
26145,Saginaw,Michigan,MI
26147,Saint Clair,Michigan,MI
26149,Saint Joseph,Michigan,MI
26155,Shiawassee,Michigan,MI
26159,Van Buren,Michigan,MI
26161,Washtenaw,Michigan,MI
26163,Wayne,Michigan,MI
26165,Wexford,Michigan,MI
27003,Anoka,Minnesota,MN
27005,Becker,Minnesota,MN
27009,Benton,Minnesota,MN
27013,Blue Earth,Minnesota,MN
27019,Carver,Minnesota,MN
27023,Chippewa,Minnesota,MN
27025,Chisago,Minnesota,MN
27027,Clay,Minnesota,MN
27035,Crow Wing,Minnesota,MN
27037,Dakota,Minnesota,MN
27039,Dodge,Minnesota,MN
27041,Douglas,Minnesota,MN
27043,Faribault,Minnesota,MN
27045,Fillmore,Minnesota,MN
27049,Goodhue,Minnesota,MN
27053,Hennepin,Minnesota,MN
27055,Houston,Minnesota,MN
27057,Hubbard,Minnesota,MN
27059,Isanti,Minnesota,MN
27061,Itasca,Minnesota,MN
27065,Kanabec,Minnesota,MN
27067,Kandiyohi,Minnesota,MN
27083,Lyon,Minnesota,MN
27091,Martin,Minnesota,MN
27085,McLeod,Minnesota,MN
27093,Meeker,Minnesota,MN
27095,Mille Lacs,Minnesota,MN
27097,Morrison,Minnesota,MN
27099,Mower,Minnesota,MN
27109,Olmsted,Minnesota,MN
27111,Otter Tail,Minnesota,MN
27123,Ramsey,Minnesota,MN
27131,Rice,Minnesota,MN
27137,Saint Louis,Minnesota,MN
27139,Scott,Minnesota,MN
27141,Sherburne,Minnesota,MN
27145,Stearns,Minnesota,MN
27147,Steele,Minnesota,MN
27153,Todd,Minnesota,MN
27157,Wabasha,Minnesota,MN
27159,Wadena,Minnesota,MN
27161,Waseca,Minnesota,MN
27163,Washington,Minnesota,MN
27169,Winona,Minnesota,MN
27171,Wright,Minnesota,MN
28001,Adams,Mississippi,MS
28003,Alcorn,Mississippi,MS
28009,Benton,Mississippi,MS
28011,Bolivar,Mississippi,MS
28017,Chickasaw,Mississippi,MS
28019,Choctaw,Mississippi,MS
28021,Claiborne,Mississippi,MS
28023,Clarke,Mississippi,MS
28025,Clay,Mississippi,MS
28027,Coahoma,Mississippi,MS
28029,Copiah,Mississippi,MS
28031,Covington,Mississippi,MS
28033,DeSoto,Mississippi,MS
28035,Forrest,Mississippi,MS
28039,George,Mississippi,MS
28043,Grenada,Mississippi,MS
28045,Hancock,Mississippi,MS
28051,Holmes,Mississippi,MS
28053,Humphreys,Mississippi,MS
28057,Itawamba,Mississippi,MS
28059,Jackson,Mississippi,MS
28061,Jasper,Mississippi,MS
28065,Jefferson Davis,Mississippi,MS
28071,Lafayette,Mississippi,MS
28073,Lamar,Mississippi,MS
28081,Lee,Mississippi,MS
28083,Leflore,Mississippi,MS
28087,Lowndes,Mississippi,MS
28089,Madison,Mississippi,MS
28091,Marion,Mississippi,MS
28093,Marshall,Mississippi,MS
28095,Monroe,Mississippi,MS
28097,Montgomery,Mississippi,MS
28099,Neshoba,Mississippi,MS
28101,Newton,Mississippi,MS
28105,Oktibbeha,Mississippi,MS
28107,Panola,Mississippi,MS
28109,Pearl River,Mississippi,MS
28111,Perry,Mississippi,MS
28115,Pontotoc,Mississippi,MS
28117,Prentiss,Mississippi,MS
28119,Quitman,Mississippi,MS
28121,Rankin,Mississippi,MS
28123,Scott,Mississippi,MS
28129,Smith,Mississippi,MS
28131,Stone,Mississippi,MS
28137,Tate,Mississippi,MS
28141,Tishomingo,Mississippi,MS
28143,Tunica,Mississippi,MS
28145,Union,Mississippi,MS
28147,Walthall,Mississippi,MS
28149,Warren,Mississippi,MS
28153,Wayne,Mississippi,MS
28161,Yalobusha,Mississippi,MS
28163,Yazoo,Mississippi,MS
29013,Bates,Missouri,MO
29019,Boone,Missouri,MO
29027,Callaway,Missouri,MO
29029,Camden,Missouri,MO
29037,Cass,Missouri,MO
29047,Clay,Missouri,MO
29051,Cole,Missouri,MO
29055,Crawford,Missouri,MO
29069,Dunklin,Missouri,MO
29071,Franklin,Missouri,MO
29077,Greene,Missouri,MO
29095,Jackson,Missouri,MO
29097,Jasper,Missouri,MO
29099,Jefferson,Missouri,MO
29101,Johnson,Missouri,MO
29113,Lincoln,Missouri,MO
29117,Livingston,Missouri,MO
29121,Macon,Missouri,MO
29157,Perry,Missouri,MO
29161,Phelps,Missouri,MO
29175,Randolph,Missouri,MO
29183,Saint Charles,Missouri,MO
29185,Saint Clair,Missouri,MO
29187,Saint Francois,Missouri,MO
29189,Saint Louis,Missouri,MO
29510,Saint Louis City,Missouri,MO
29201,Scott,Missouri,MO
29213,Taney,Missouri,MO
29221,Washington,Missouri,MO
29225,Webster,Missouri,MO
30001,Beaverhead,Montana,MT
30003,Big Horn,Montana,MT
30005,Blaine,Montana,MT
30009,Carbon,Montana,MT
30013,Cascade,Montana,MT
30015,Chouteau,Montana,MT
30017,Custer,Montana,MT
30021,Dawson,Montana,MT
30035,Glacier,Montana,MT
30041,Hill,Montana,MT
30043,Jefferson,Montana,MT
30053,Lincoln,Montana,MT
30057,Madison,Montana,MT
30063,Missoula,Montana,MT
30067,Park,Montana,MT
30073,Pondera,Montana,MT
30077,Powell,Montana,MT
30081,Ravalli,Montana,MT
30087,Rosebud,Montana,MT
30089,Sanders,Montana,MT
30093,Silver Bow,Montana,MT
30095,Stillwater,Montana,MT
30097,Sweet Grass,Montana,MT
30105,Valley,Montana,MT
30111,Yellowstone,Montana,MT
31011,Boone,Nebraska,NE
31025,Cass,Nebraska,NE
31047,Dawson,Nebraska,NE
31053,Dodge,Nebraska,NE
31055,Douglas,Nebraska,NE
31067,Gage,Nebraska,NE
31079,Hall,Nebraska,NE
31097,Johnson,Nebraska,NE
31105,Kimball,Nebraska,NE
31107,Knox,Nebraska,NE
31109,Lancaster,Nebraska,NE
31111,Lincoln,Nebraska,NE
31119,Madison,Nebraska,NE
31131,Otoe,Nebraska,NE
31153,Sarpy,Nebraska,NE
31157,Scotts Bluff,Nebraska,NE
31159,Seward,Nebraska,NE
31177,Washington,Nebraska,NE
32510,Carson City,Nevada,NV
32003,Clark,Nevada,NV
32005,Douglas,Nevada,NV
32007,Elko,Nevada,NV
32013,Humboldt,Nevada,NV
32019,Lyon,Nevada,NV
32031,Washoe,Nevada,NV
33001,Belknap,New Hampshire,NH
33003,Carroll,New Hampshire,NH
33005,Cheshire,New Hampshire,NH
33007,Coos,New Hampshire,NH
33009,Grafton,New Hampshire,NH
33011,Hillsborough,New Hampshire,NH
33013,Merrimack,New Hampshire,NH
33015,Rockingham,New Hampshire,NH
33017,Strafford,New Hampshire,NH
33019,Sullivan,New Hampshire,NH
34001,Atlantic,New Jersey,NJ
34003,Bergen,New Jersey,NJ
34005,Burlington,New Jersey,NJ
34007,Camden,New Jersey,NJ
34009,Cape May,New Jersey,NJ
34011,Cumberland,New Jersey,NJ
34013,Essex,New Jersey,NJ
34015,Gloucester,New Jersey,NJ
34017,Hudson,New Jersey,NJ
34019,Hunterdon,New Jersey,NJ
34021,Mercer,New Jersey,NJ
34023,Middlesex,New Jersey,NJ
34025,Monmouth,New Jersey,NJ
34027,Morris,New Jersey,NJ
34029,Ocean,New Jersey,NJ
34031,Passaic,New Jersey,NJ
34033,Salem,New Jersey,NJ
34035,Somerset,New Jersey,NJ
34037,Sussex,New Jersey,NJ
34039,Union,New Jersey,NJ
34041,Warren,New Jersey,NJ
35001,Bernalillo,New Mexico,NM
35007,Colfax,New Mexico,NM
35013,Dona Ana,New Mexico,NM
35017,Grant,New Mexico,NM
35031,McKinley,New Mexico,NM
35045,San Juan,New Mexico,NM
35049,Santa Fe,New Mexico,NM
35061,Valencia,New Mexico,NM
36001,Albany,New York,NY
36003,Allegany,New York,NY
36005,Bronx,New York,NY
36007,Broome,New York,NY
36009,Cattaraugus,New York,NY
36011,Cayuga,New York,NY
36013,Chautauqua,New York,NY
36015,Chemung,New York,NY
36017,Chenango,New York,NY
36019,Clinton,New York,NY
36021,Columbia,New York,NY
36023,Cortland,New York,NY
36025,Delaware,New York,NY
36027,Dutchess,New York,NY
36029,Erie,New York,NY
36031,Essex,New York,NY
36033,Franklin,New York,NY
36035,Fulton,New York,NY
36037,Genesee,New York,NY
36039,Greene,New York,NY
36041,Hamilton,New York,NY
36043,Herkimer,New York,NY
36045,Jefferson,New York,NY
36049,Lewis,New York,NY
36051,Livingston,New York,NY
36053,Madison,New York,NY
36055,Monroe,New York,NY
36057,Montgomery,New York,NY
36059,Nassau,New York,NY
36061,New York,New York,NY
36063,Niagara,New York,NY
36065,Oneida,New York,NY
36067,Onondaga,New York,NY
36069,Ontario,New York,NY
36071,Orange,New York,NY
36073,Orleans,New York,NY
36075,Oswego,New York,NY
36077,Otsego,New York,NY
36079,Putnam,New York,NY
36081,Queens,New York,NY
36083,Rensselaer,New York,NY
36085,Richmond,New York,NY
36087,Rockland,New York,NY
36089,Saint Lawrence,New York,NY
36091,Saratoga,New York,NY
36093,Schenectady,New York,NY
36095,Schoharie,New York,NY
36099,Seneca,New York,NY
36101,Steuben,New York,NY
36103,Suffolk,New York,NY
36105,Sullivan,New York,NY
36107,Tioga,New York,NY
36109,Tompkins,New York,NY
36111,Ulster,New York,NY
36113,Warren,New York,NY
36115,Washington,New York,NY
36117,Wayne,New York,NY
36119,Westchester,New York,NY
36121,Wyoming,New York,NY
36123,Yates,New York,NY
37001,Alamance,North Carolina,NC
37003,Alexander,North Carolina,NC
37007,Anson,North Carolina,NC
37019,Brunswick,North Carolina,NC
37021,Buncombe,North Carolina,NC
37025,Cabarrus,North Carolina,NC
37027,Caldwell,North Carolina,NC
37031,Carteret,North Carolina,NC
37035,Catawba,North Carolina,NC
37037,Chatham,North Carolina,NC
37039,Cherokee,North Carolina,NC
37045,Cleveland,North Carolina,NC
37049,Craven,North Carolina,NC
37051,Cumberland,North Carolina,NC
37053,Currituck,North Carolina,NC
37055,Dare,North Carolina,NC
37057,Davidson,North Carolina,NC
37059,Davie,North Carolina,NC
37061,Duplin,North Carolina,NC
37063,Durham,North Carolina,NC
37065,Edgecombe,North Carolina,NC
37067,Forsyth,North Carolina,NC
37069,Franklin,North Carolina,NC
37071,Gaston,North Carolina,NC
37077,Granville,North Carolina,NC
37081,Guilford,North Carolina,NC
37083,Halifax,North Carolina,NC
37085,Harnett,North Carolina,NC
37087,Haywood,North Carolina,NC
37089,Henderson,North Carolina,NC
37093,Hoke,North Carolina,NC
37097,Iredell,North Carolina,NC
37099,Jackson,North Carolina,NC
37101,Johnston,North Carolina,NC
37105,Lee,North Carolina,NC
37107,Lenoir,North Carolina,NC
37109,Lincoln,North Carolina,NC
37113,Macon,North Carolina,NC
37111,McDowell,North Carolina,NC
37119,Mecklenburg,North Carolina,NC
37125,Moore,North Carolina,NC
37127,Nash,North Carolina,NC
37129,New Hanover,North Carolina,NC
37133,Onslow,North Carolina,NC
37135,Orange,North Carolina,NC
37145,Person,North Carolina,NC
37147,Pitt,North Carolina,NC
37149,Polk,North Carolina,NC
37151,Randolph,North Carolina,NC
37155,Robeson,North Carolina,NC
37157,Rockingham,North Carolina,NC
37159,Rowan,North Carolina,NC
37167,Stanly,North Carolina,NC
37169,Stokes,North Carolina,NC
37171,Surry,North Carolina,NC
37179,Union,North Carolina,NC
37181,Vance,North Carolina,NC
37183,Wake,North Carolina,NC
37189,Watauga,North Carolina,NC
37191,Wayne,North Carolina,NC
37195,Wilson,North Carolina,NC
38015,Burleigh,North Dakota,ND
38017,Cass,North Dakota,ND
38035,Grand Forks,North Dakota,ND
38055,McLean,North Dakota,ND
38089,Stark,North Dakota,ND
39001,Adams,Ohio,OH
39003,Allen,Ohio,OH
39005,Ashland,Ohio,OH
39007,Ashtabula,Ohio,OH
39011,Auglaize,Ohio,OH
39013,Belmont,Ohio,OH
39015,Brown,Ohio,OH
39017,Butler,Ohio,OH
39019,Carroll,Ohio,OH
39021,Champaign,Ohio,OH
39023,Clark,Ohio,OH
39025,Clermont,Ohio,OH
39029,Columbiana,Ohio,OH
39031,Coshocton,Ohio,OH
39033,Crawford,Ohio,OH
39035,Cuyahoga,Ohio,OH
39037,Darke,Ohio,OH
39039,Defiance,Ohio,OH
39041,Delaware,Ohio,OH
39043,Erie,Ohio,OH
39045,Fairfield,Ohio,OH
39047,Fayette,Ohio,OH
39049,Franklin,Ohio,OH
39051,Fulton,Ohio,OH
39055,Geauga,Ohio,OH
39057,Greene,Ohio,OH
39059,Guernsey,Ohio,OH
39061,Hamilton,Ohio,OH
39063,Hancock,Ohio,OH
39065,Hardin,Ohio,OH
39069,Henry,Ohio,OH
39071,Highland,Ohio,OH
39073,Hocking,Ohio,OH
39083,Knox,Ohio,OH
39085,Lake,Ohio,OH
39087,Lawrence,Ohio,OH
39089,Licking,Ohio,OH
39091,Logan,Ohio,OH
39093,Lorain,Ohio,OH
39095,Lucas,Ohio,OH
39097,Madison,Ohio,OH
39099,Mahoning,Ohio,OH
39101,Marion,Ohio,OH
39103,Medina,Ohio,OH
39107,Mercer,Ohio,OH
39109,Miami,Ohio,OH
39113,Montgomery,Ohio,OH
39117,Morrow,Ohio,OH
39119,Muskingum,Ohio,OH
39123,Ottawa,Ohio,OH
39127,Perry,Ohio,OH
39129,Pickaway,Ohio,OH
39133,Portage,Ohio,OH
39135,Preble,Ohio,OH
39137,Putnam,Ohio,OH
39139,Richland,Ohio,OH
39141,Ross,Ohio,OH
39143,Sandusky,Ohio,OH
39145,Scioto,Ohio,OH
39147,Seneca,Ohio,OH
39149,Shelby,Ohio,OH
39153,Summit,Ohio,OH
39155,Trumbull,Ohio,OH
39157,Tuscarawas,Ohio,OH
39159,Union,Ohio,OH
39161,Van Wert,Ohio,OH
39165,Warren,Ohio,OH
39167,Washington,Ohio,OH
39169,Wayne,Ohio,OH
39171,Williams,Ohio,OH
39173,Wood,Ohio,OH
40003,Alfalfa,Oklahoma,OK
40009,Beckham,Oklahoma,OK
40013,Bryan,Oklahoma,OK
40017,Canadian,Oklahoma,OK
40019,Carter,Oklahoma,OK
40021,Cherokee,Oklahoma,OK
40027,Cleveland,Oklahoma,OK
40037,Creek,Oklahoma,OK
40039,Custer,Oklahoma,OK
40041,Delaware,Oklahoma,OK
40047,Garfield,Oklahoma,OK
40049,Garvin,Oklahoma,OK
40051,Grady,Oklahoma,OK
40053,Grant,Oklahoma,OK
40055,Greer,Oklahoma,OK
40065,Jackson,Oklahoma,OK
40071,Kay,Oklahoma,OK
40079,LeFlore,Oklahoma,OK
40081,Lincoln,Oklahoma,OK
40083,Logan,Oklahoma,OK
40095,Marshall,Oklahoma,OK
40097,Mayes,Oklahoma,OK
40087,McClain,Oklahoma,OK
40089,McCurtain,Oklahoma,OK
40091,McIntosh,Oklahoma,OK
40101,Muskogee,Oklahoma,OK
40109,Oklahoma,Oklahoma,OK
40111,Okmulgee,Oklahoma,OK
40113,Osage,Oklahoma,OK
40115,Ottawa,Oklahoma,OK
40119,Payne,Oklahoma,OK
40121,Pittsburg,Oklahoma,OK
40123,Pontotoc,Oklahoma,OK
40125,Pottawatomie,Oklahoma,OK
40131,Rogers,Oklahoma,OK
40133,Seminole,Oklahoma,OK
40135,Sequoyah,Oklahoma,OK
40137,Stephens,Oklahoma,OK
40143,Tulsa,Oklahoma,OK
40145,Wagoner,Oklahoma,OK
40147,Washington,Oklahoma,OK
40153,Woodward,Oklahoma,OK
41003,Benton,Oregon,OR
41005,Clackamas,Oregon,OR
41007,Clatsop,Oregon,OR
41009,Columbia,Oregon,OR
41011,Coos,Oregon,OR
41013,Crook,Oregon,OR
41015,Curry,Oregon,OR
41017,Deschutes,Oregon,OR
41019,Douglas,Oregon,OR
41027,Hood River,Oregon,OR
41029,Jackson,Oregon,OR
41033,Josephine,Oregon,OR
41035,Klamath,Oregon,OR
41039,Lane,Oregon,OR
41041,Lincoln,Oregon,OR
41043,Linn,Oregon,OR
41045,Malheur,Oregon,OR
41047,Marion,Oregon,OR
41051,Multnomah,Oregon,OR
41053,Polk,Oregon,OR
41057,Tillamook,Oregon,OR
41059,Umatilla,Oregon,OR
41061,Union,Oregon,OR
41067,Washington,Oregon,OR
41071,Yamhill,Oregon,OR
42001,Adams,Pennsylvania,PA
42003,Allegheny,Pennsylvania,PA
42005,Armstrong,Pennsylvania,PA
42007,Beaver,Pennsylvania,PA
42009,Bedford,Pennsylvania,PA
42011,Berks,Pennsylvania,PA
42013,Blair,Pennsylvania,PA
42017,Bucks,Pennsylvania,PA
42019,Butler,Pennsylvania,PA
42021,Cambria,Pennsylvania,PA
42025,Carbon,Pennsylvania,PA
42027,Centre,Pennsylvania,PA
42029,Chester,Pennsylvania,PA
42033,Clearfield,Pennsylvania,PA
42035,Clinton,Pennsylvania,PA
42037,Columbia,Pennsylvania,PA
42041,Cumberland,Pennsylvania,PA
42043,Dauphin,Pennsylvania,PA
42045,Delaware,Pennsylvania,PA
42049,Erie,Pennsylvania,PA
42051,Fayette,Pennsylvania,PA
42055,Franklin,Pennsylvania,PA
42061,Huntingdon,Pennsylvania,PA
42063,Indiana,Pennsylvania,PA
42065,Jefferson,Pennsylvania,PA
42067,Juniata,Pennsylvania,PA
42069,Lackawanna,Pennsylvania,PA
42071,Lancaster,Pennsylvania,PA
42073,Lawrence,Pennsylvania,PA
42075,Lebanon,Pennsylvania,PA
42077,Lehigh,Pennsylvania,PA
42079,Luzerne,Pennsylvania,PA
42081,Lycoming,Pennsylvania,PA
42083,McKean,Pennsylvania,PA
42085,Mercer,Pennsylvania,PA
42089,Monroe,Pennsylvania,PA
42091,Montgomery,Pennsylvania,PA
42095,Northampton,Pennsylvania,PA
42097,Northumberland,Pennsylvania,PA
42099,Perry,Pennsylvania,PA
42101,Philadelphia,Pennsylvania,PA
42103,Pike,Pennsylvania,PA
42107,Schuylkill,Pennsylvania,PA
42111,Somerset,Pennsylvania,PA
42117,Tioga,Pennsylvania,PA
42121,Venango,Pennsylvania,PA
42125,Washington,Pennsylvania,PA
42127,Wayne,Pennsylvania,PA
42129,Westmoreland,Pennsylvania,PA
42133,York,Pennsylvania,PA
44001,Bristol,Rhode Island,RI
44003,Kent,Rhode Island,RI
44005,Newport,Rhode Island,RI
44007,Providence,Rhode Island,RI
44009,Washington,Rhode Island,RI
45003,Aiken,South Carolina,SC
45007,Anderson,South Carolina,SC
45013,Beaufort,South Carolina,SC
45015,Berkeley,South Carolina,SC
45019,Charleston,South Carolina,SC
45021,Cherokee,South Carolina,SC
45027,Clarendon,South Carolina,SC
45029,Colleton,South Carolina,SC
45031,Darlington,South Carolina,SC
45035,Dorchester,South Carolina,SC
45037,Edgefield,South Carolina,SC
45041,Florence,South Carolina,SC
45043,Georgetown,South Carolina,SC
45045,Greenville,South Carolina,SC
45051,Horry,South Carolina,SC
45055,Kershaw,South Carolina,SC
45057,Lancaster,South Carolina,SC
45063,Lexington,South Carolina,SC
45073,Oconee,South Carolina,SC
45075,Orangeburg,South Carolina,SC
45077,Pickens,South Carolina,SC
45079,Richland,South Carolina,SC
45083,Spartanburg,South Carolina,SC
45085,Sumter,South Carolina,SC
45091,York,South Carolina,SC
46099,Minnehaha,South Dakota,SD
46103,Pennington,South Dakota,SD
47001,Anderson,Tennessee,TN
47003,Bedford,Tennessee,TN
47005,Benton,Tennessee,TN
47009,Blount,Tennessee,TN
47011,Bradley,Tennessee,TN
47013,Campbell,Tennessee,TN
47015,Cannon,Tennessee,TN
47017,Carroll,Tennessee,TN
47019,Carter,Tennessee,TN
47021,Cheatham,Tennessee,TN
47023,Chester,Tennessee,TN
47031,Coffee,Tennessee,TN
47033,Crockett,Tennessee,TN
47035,Cumberland,Tennessee,TN
47037,Davidson,Tennessee,TN
47041,Dekalb,Tennessee,TN
47043,Dickson,Tennessee,TN
47045,Dyer,Tennessee,TN
47047,Fayette,Tennessee,TN
47049,Fentress,Tennessee,TN
47051,Franklin,Tennessee,TN
47053,Gibson,Tennessee,TN
47055,Giles,Tennessee,TN
47057,Grainger,Tennessee,TN
47059,Greene,Tennessee,TN
47061,Grundy,Tennessee,TN
47063,Hamblen,Tennessee,TN
47065,Hamilton,Tennessee,TN
47071,Hardin,Tennessee,TN
47073,Hawkins,Tennessee,TN
47077,Henderson,Tennessee,TN
47079,Henry,Tennessee,TN
47081,Hickman,Tennessee,TN
47083,Houston,Tennessee,TN
47085,Humphreys,Tennessee,TN
47087,Jackson,Tennessee,TN
47089,Jefferson,Tennessee,TN
47093,Knox,Tennessee,TN
47097,Lauderdale,Tennessee,TN
47099,Lawrence,Tennessee,TN
47101,Lewis,Tennessee,TN
47103,Lincoln,Tennessee,TN
47105,Loudon,Tennessee,TN
47111,Macon,Tennessee,TN
47113,Madison,Tennessee,TN
47115,Marion,Tennessee,TN
47117,Marshall,Tennessee,TN
47119,Maury,Tennessee,TN
47107,McMinn,Tennessee,TN
47109,McNairy,Tennessee,TN
47125,Montgomery,Tennessee,TN
47127,Moore,Tennessee,TN
47129,Morgan,Tennessee,TN
47131,Obion,Tennessee,TN
47133,Overton,Tennessee,TN
47141,Putnam,Tennessee,TN
47143,Rhea,Tennessee,TN
47145,Roane,Tennessee,TN
47147,Robertson,Tennessee,TN
47149,Rutherford,Tennessee,TN
47153,Sequatchie,Tennessee,TN
47155,Sevier,Tennessee,TN
47157,Shelby,Tennessee,TN
47159,Smith,Tennessee,TN
47161,Stewart,Tennessee,TN
47163,Sullivan,Tennessee,TN
47165,Sumner,Tennessee,TN
47167,Tipton,Tennessee,TN
47169,Trousdale,Tennessee,TN
47171,Unicoi,Tennessee,TN
47177,Warren,Tennessee,TN
47179,Washington,Tennessee,TN
47183,Weakley,Tennessee,TN
47185,White,Tennessee,TN
47187,Williamson,Tennessee,TN
47189,Wilson,Tennessee,TN
48003,Andrews,Texas,TX
48007,Aransas,Texas,TX
48009,Archer,Texas,TX
48015,Austin,Texas,TX
48017,Bailey,Texas,TX
48019,Bandera,Texas,TX
48021,Bastrop,Texas,TX
48025,Bee,Texas,TX
48027,Bell,Texas,TX
48037,Bowie,Texas,TX
48041,Brazos,Texas,TX
48043,Brewster,Texas,TX
48047,Brooks,Texas,TX
48049,Brown,Texas,TX
48061,Cameron,Texas,TX
48065,Carson,Texas,TX
48069,Castro,Texas,TX
48073,Cherokee,Texas,TX
48075,Childress,Texas,TX
48083,Coleman,Texas,TX
48085,Collin,Texas,TX
48091,Comal,Texas,TX
48093,Comanche,Texas,TX
48099,Coryell,Texas,TX
48107,Crosby,Texas,TX
48111,Dallam,Texas,TX
48113,Dallas,Texas,TX
48115,Dawson,Texas,TX
48117,Deaf Smith,Texas,TX
48119,Delta,Texas,TX
48121,Denton,Texas,TX
48127,Dimmit,Texas,TX
48131,Duval,Texas,TX
48135,Ector,Texas,TX
48141,El Paso,Texas,TX
48139,Ellis,Texas,TX
48145,Falls,Texas,TX
48149,Fayette,Texas,TX
48153,Floyd,Texas,TX
48159,Franklin,Texas,TX
48163,Frio,Texas,TX
48175,Goliad,Texas,TX
48181,Grayson,Texas,TX
48183,Gregg,Texas,TX
48189,Hale,Texas,TX
48193,Hamilton,Texas,TX
48207,Haskell,Texas,TX
48217,Hill,Texas,TX
48221,Hood,Texas,TX
48225,Houston,Texas,TX
48227,Howard,Texas,TX
48231,Hunt,Texas,TX
48237,Jack,Texas,TX
48239,Jackson,Texas,TX
48251,Johnson,Texas,TX
48255,Karnes,Texas,TX
48265,Kerr,Texas,TX
48271,Kinney,Texas,TX
48273,Kleberg,Texas,TX
48279,Lamb,Texas,TX
48297,Live Oak,Texas,TX
48305,Lynn,Texas,TX
48313,Madison,Texas,TX
48315,Marion,Texas,TX
48323,Maverick,Texas,TX
48331,Milam,Texas,TX
48335,Mitchell,Texas,TX
48337,Montague,Texas,TX
48341,Moore,Texas,TX
48351,Newton,Texas,TX
48353,Nolan,Texas,TX
48365,Panola,Texas,TX
48367,Parker,Texas,TX
48369,Parmer,Texas,TX
48371,Pecos,Texas,TX
48373,Polk,Texas,TX
48381,Randall,Texas,TX
48387,Red River,Texas,TX
48389,Reeves,Texas,TX
48391,Refugio,Texas,TX
48397,Rockwall,Texas,TX
48399,Runnels,Texas,TX
48419,Shelby,Texas,TX
48427,Starr,Texas,TX
48437,Swisher,Texas,TX
48439,Tarrant,Texas,TX
48441,Taylor,Texas,TX
48445,Terry,Texas,TX
48455,Trinity,Texas,TX
48457,Tyler,Texas,TX
48463,Uvalde,Texas,TX
48465,Val Verde,Texas,TX
48467,Van Zandt,Texas,TX
48473,Waller,Texas,TX
48475,Ward,Texas,TX
48477,Washington,Texas,TX
48489,Willacy,Texas,TX
48491,Williamson,Texas,TX
48495,Winkler,Texas,TX
48501,Yoakum,Texas,TX
48505,Zapata,Texas,TX
48507,Zavala,Texas,TX
49003,Box Elder,Utah,UT
49011,Davis,Utah,UT
49013,Duchesne,Utah,UT
49021,Iron,Utah,UT
49023,Juab,Utah,UT
49029,Morgan,Utah,UT
49035,Salt Lake,Utah,UT
49037,San Juan,Utah,UT
49041,Sevier,Utah,UT
49045,Tooele,Utah,UT
49047,Uintah,Utah,UT
49049,Utah,Utah,UT
49053,Washington,Utah,UT
49057,Weber,Utah,UT
50001,Addison,Vermont,VT
50007,Chittenden,Vermont,VT
50011,Franklin,Vermont,VT
50015,Lamoille,Vermont,VT
50021,Rutland,Vermont,VT
50023,Washington,Vermont,VT
50025,Windham,Vermont,VT
50027,Windsor,Vermont,VT
51003,Albemarle,Virginia,VA
51009,Amherst,Virginia,VA
51013,Arlington,Virginia,VA
51015,Augusta,Virginia,VA
51019,Bedford,Virginia,VA
51023,Botetourt,Virginia,VA
51520,Bristol City,Virginia,VA
51031,Campbell,Virginia,VA
51033,Caroline,Virginia,VA
51540,Charlottesville City,Virginia,VA
51550,Chesapeake City,Virginia,VA
51041,Chesterfield,Virginia,VA
51570,Colonial Heights City,Virginia,VA
51047,Culpeper,Virginia,VA
51590,Danville City,Virginia,VA
51057,Essex,Virginia,VA
51059,Fairfax,Virginia,VA
51600,Fairfax City,Virginia,VA
51610,Falls Church City,Virginia,VA
51061,Fauquier,Virginia,VA
51065,Fluvanna,Virginia,VA
51067,Franklin,Virginia,VA
51620,Franklin City,Virginia,VA
51069,Frederick,Virginia,VA
51630,Fredericksburg City,Virginia,VA
51073,Gloucester,Virginia,VA
51075,Goochland,Virginia,VA
51079,Greene,Virginia,VA
51083,Halifax,Virginia,VA
51650,Hampton City,Virginia,VA
51085,Hanover,Virginia,VA
51087,Henrico,Virginia,VA
51089,Henry,Virginia,VA
51670,Hopewell City,Virginia,VA
51093,Isle of Wight,Virginia,VA
51095,James City,Virginia,VA
51099,King George,Virginia,VA
51103,Lancaster,Virginia,VA
51107,Loudoun,Virginia,VA
51109,Louisa,Virginia,VA
51111,Lunenburg,Virginia,VA
51680,Lynchburg City,Virginia,VA
51685,Manassas Park City,Virginia,VA
51119,Middlesex,Virginia,VA
51121,Montgomery,Virginia,VA
51125,Nelson,Virginia,VA
51127,New Kent,Virginia,VA
51700,Newport News City,Virginia,VA
51710,Norfolk City,Virginia,VA
51137,Orange,Virginia,VA
51143,Pittsylvania,Virginia,VA
51735,Poquoson City,Virginia,VA
51740,Portsmouth City,Virginia,VA
51145,Powhatan,Virginia,VA
51153,Prince William,Virginia,VA
51155,Pulaski,Virginia,VA
51760,Richmond City,Virginia,VA
51161,Roanoke,Virginia,VA
51770,Roanoke City,Virginia,VA
51165,Rockingham,Virginia,VA
51775,Salem City,Virginia,VA
51169,Scott,Virginia,VA
51171,Shenandoah,Virginia,VA
51177,Spotsylvania,Virginia,VA
51179,Stafford,Virginia,VA
51790,Staunton City,Virginia,VA
51800,Suffolk City,Virginia,VA
51185,Tazewell,Virginia,VA
51810,Virginia Beach City,Virginia,VA
51187,Warren,Virginia,VA
51191,Washington,Virginia,VA
51820,Waynesboro City,Virginia,VA
51830,Williamsburg City,Virginia,VA
51840,Winchester City,Virginia,VA
51199,York,Virginia,VA
53001,Adams,Washington,WA
53005,Benton,Washington,WA
53007,Chelan,Washington,WA
53009,Clallam,Washington,WA
53011,Clark,Washington,WA
53015,Cowlitz,Washington,WA
53017,Douglas,Washington,WA
53021,Franklin,Washington,WA
53025,Grant,Washington,WA
53027,Grays Harbor,Washington,WA
53029,Island,Washington,WA
53031,Jefferson,Washington,WA
53033,King,Washington,WA
53035,Kitsap,Washington,WA
53037,Kittitas,Washington,WA
53039,Klickitat,Washington,WA
53041,Lewis,Washington,WA
53045,Mason,Washington,WA
53047,Okanogan,Washington,WA
53053,Pierce,Washington,WA
53055,San Juan,Washington,WA
53057,Skagit,Washington,WA
53059,Skamania,Washington,WA
53061,Snohomish,Washington,WA
53063,Spokane,Washington,WA
53065,Stevens,Washington,WA
53067,Thurston,Washington,WA
53071,Walla Walla,Washington,WA
53073,Whatcom,Washington,WA
53077,Yakima,Washington,WA
54003,Berkeley,West Virginia,WV
54011,Cabell,West Virginia,WV
54029,Hancock,West Virginia,WV
54033,Harrison,West Virginia,WV
54037,Jefferson,West Virginia,WV
54039,Kanawha,West Virginia,WV
54061,Monongalia,West Virginia,WV
54079,Putnam,West Virginia,WV
54081,Raleigh,West Virginia,WV
54099,Wayne,West Virginia,WV
54107,Wood,West Virginia,WV
55005,Barron,Wisconsin,WI
55007,Bayfield,Wisconsin,WI
55009,Brown,Wisconsin,WI
55013,Burnett,Wisconsin,WI
55015,Calumet,Wisconsin,WI
55017,Chippewa,Wisconsin,WI
55021,Columbia,Wisconsin,WI
55025,Dane,Wisconsin,WI
55027,Dodge,Wisconsin,WI
55031,Douglas,Wisconsin,WI
55033,Dunn,Wisconsin,WI
55035,Eau Claire,Wisconsin,WI
55039,Fond du Lac,Wisconsin,WI
55045,Green,Wisconsin,WI
55049,Iowa,Wisconsin,WI
55055,Jefferson,Wisconsin,WI
55059,Kenosha,Wisconsin,WI
55061,Kewaunee,Wisconsin,WI
55063,La Crosse,Wisconsin,WI
55073,Marathon,Wisconsin,WI
55075,Marinette,Wisconsin,WI
55079,Milwaukee,Wisconsin,WI
55083,Oconto,Wisconsin,WI
55085,Oneida,Wisconsin,WI
55087,Outagamie,Wisconsin,WI
55089,Ozaukee,Wisconsin,WI
55093,Pierce,Wisconsin,WI
55095,Polk,Wisconsin,WI
55097,Portage,Wisconsin,WI
55099,Price,Wisconsin,WI
55101,Racine,Wisconsin,WI
55105,Rock,Wisconsin,WI
55109,Saint Croix,Wisconsin,WI
55111,Sauk,Wisconsin,WI
55113,Sawyer,Wisconsin,WI
55115,Shawano,Wisconsin,WI
55117,Sheboygan,Wisconsin,WI
55127,Walworth,Wisconsin,WI
55131,Washington,Wisconsin,WI
55133,Waukesha,Wisconsin,WI
55139,Winnebago,Wisconsin,WI
55141,Wood,Wisconsin,WI
56001,Albany,Wyoming,WY
56005,Campbell,Wyoming,WY
56007,Carbon,Wyoming,WY
56009,Converse,Wyoming,WY
56013,Fremont,Wyoming,WY
56015,Goshen,Wyoming,WY
56017,Hot Springs,Wyoming,WY
56021,Laramie,Wyoming,WY
56023,Lincoln,Wyoming,WY
56025,Natrona,Wyoming,WY
56031,Platte,Wyoming,WY
56033,Sheridan,Wyoming,WY
56041,Uinta,Wyoming,WY
56043,Washakie,Wyoming,WY
56045,Weston,Wyoming,WY
